-- run this after database-initial-script.sql

insert into public.users (id, email, password, type) values
  ('11111111-1111-1111-1111-111111111111', 'admin@fakemarket.com',   'pass123', 'admin'),
  ('22222222-2222-2222-2222-222222222222', 'samara@fakemarket.com',  'pass123', 'robot'),
  ('33333333-3333-3333-3333-333333333333', 'patrick@fakemarket.com', 'pass123', 'robot'),
  ('44444444-4444-4444-4444-444444444444', 'marta@fakemarket.com',   'pass123', 'robot'),
  ('55555555-5555-5555-5555-555555555555', 'james@fakemarket.com',   'pass123', 'robot'),
  ('66666666-6666-6666-6666-666666666666', 'kevin@fakemarket.com',   'pass123', 'robot'),
  ('70000000-0000-0000-0000-000000000001', 'olivia@fakemarket.com',   'pass123', 'robot'),
  ('70000000-0000-0000-0000-000000000002', 'liam@fakemarket.com',     'pass123', 'robot'),
  ('70000000-0000-0000-0000-000000000003', 'emma@fakemarket.com',     'pass123', 'robot'),
  ('70000000-0000-0000-0000-000000000004', 'noah@fakemarket.com',     'pass123', 'robot'),
  ('70000000-0000-0000-0000-000000000005', 'amelia@fakemarket.com',   'pass123', 'robot'),
  ('70000000-0000-0000-0000-000000000006', 'lucas@fakemarket.com',    'pass123', 'robot'),
  ('70000000-0000-0000-0000-000000000007', 'isabella@fakemarket.com', 'pass123', 'robot'),
  ('70000000-0000-0000-0000-000000000008', 'henry@fakemarket.com',    'pass123', 'robot'),
  ('70000000-0000-0000-0000-000000000009', 'sofia@fakemarket.com',    'pass123', 'robot'),
  ('70000000-0000-0000-0000-000000000010', 'theodore@fakemarket.com', 'pass123', 'robot'),
  ('70000000-0000-0000-0000-000000000011', 'mia@fakemarket.com',      'pass123', 'robot'),
  ('70000000-0000-0000-0000-000000000012', 'elijah@fakemarket.com',   'pass123', 'robot'),
  ('70000000-0000-0000-0000-000000000013', 'charlotte@fakemarket.com','pass123', 'robot'),
  ('70000000-0000-0000-0000-000000000014', 'benjamin@fakemarket.com', 'pass123', 'robot'),
  ('70000000-0000-0000-0000-000000000015', 'ava@fakemarket.com',      'pass123', 'robot'),
  ('70000000-0000-0000-0000-000000000016', 'leo@fakemarket.com',      'pass123', 'robot'),
  ('70000000-0000-0000-0000-000000000017', 'harper@fakemarket.com',   'pass123', 'robot'),
  ('70000000-0000-0000-0000-000000000018', 'jack@fakemarket.com',     'pass123', 'robot'),
  ('70000000-0000-0000-0000-000000000019', 'evelyn@fakemarket.com',   'pass123', 'robot'),
  ('70000000-0000-0000-0000-000000000020', 'william@fakemarket.com',  'pass123', 'robot'),
  ('70000000-0000-0000-0000-000000000021', 'luna@fakemarket.com',     'pass123', 'robot'),
  ('70000000-0000-0000-0000-000000000022', 'jameson@fakemarket.com',  'pass123', 'robot'),
  ('70000000-0000-0000-0000-000000000023', 'violet@fakemarket.com',   'pass123', 'robot'),
  ('70000000-0000-0000-0000-000000000024', 'alexander@fakemarket.com','pass123', 'robot'),
  ('70000000-0000-0000-0000-000000000025', 'grace@fakemarket.com',    'pass123', 'robot'),
  ('70000000-0000-0000-0000-000000000026', 'daniel@fakemarket.com',   'pass123', 'robot'),
  ('70000000-0000-0000-0000-000000000027', 'ella@fakemarket.com',     'pass123', 'robot'),
  ('70000000-0000-0000-0000-000000000028', 'mason@fakemarket.com',    'pass123', 'robot'),
  ('70000000-0000-0000-0000-000000000029', 'scarlett@fakemarket.com', 'pass123', 'robot'),
  ('70000000-0000-0000-0000-000000000030', 'logan@fakemarket.com',    'pass123', 'robot'),
  ('70000000-0000-0000-0000-000000000031', 'aria@fakemarket.com',     'pass123', 'robot'),
  ('70000000-0000-0000-0000-000000000032', 'ethan@fakemarket.com',    'pass123', 'robot'),
  ('70000000-0000-0000-0000-000000000033', 'chloe@fakemarket.com',    'pass123', 'robot'),
  ('70000000-0000-0000-0000-000000000034', 'sebastian@fakemarket.com','pass123', 'robot'),
  ('70000000-0000-0000-0000-000000000035', 'zoe@fakemarket.com',      'pass123', 'robot'),
  ('70000000-0000-0000-0000-000000000036', 'owen@fakemarket.com',     'pass123', 'robot'),
  ('70000000-0000-0000-0000-000000000037', 'nora@fakemarket.com',     'pass123', 'robot'),
  ('70000000-0000-0000-0000-000000000038', 'julian@fakemarket.com',   'pass123', 'robot'),
  ('70000000-0000-0000-0000-000000000039', 'hazel@fakemarket.com',    'pass123', 'robot'),
  ('70000000-0000-0000-0000-000000000040', 'gabriel@fakemarket.com',  'pass123', 'robot'),
  ('70000000-0000-0000-0000-000000000041', 'lily@fakemarket.com',     'pass123', 'robot'),
  ('70000000-0000-0000-0000-000000000042', 'carter@fakemarket.com',   'pass123', 'robot'),
  ('70000000-0000-0000-0000-000000000043', 'stella@fakemarket.com',   'pass123', 'robot'),
  ('70000000-0000-0000-0000-000000000044', 'isaac@fakemarket.com',    'pass123', 'robot'),
  ('70000000-0000-0000-0000-000000000045', 'audrey@fakemarket.com',   'pass123', 'robot');

insert into public.resources (id, name) values
  ('f0f0f0f0-f0f0-f0f0-f0f0-f0f0f0f0f0f0', 'usd'),
  ('aaaaaaaa-aaaa-aaaa-aaaa-aaaaaaaaaaaa', 'oil'),
  ('bbbbbbbb-bbbb-bbbb-bbbb-bbbbbbbbbbbb', 'gold');

insert into public.orders (
  id, user_id, resource_id, type, status, quantity, quantity_processed, price
) values
  ('10000000-0000-0000-0000-000000000001', '11111111-1111-1111-1111-111111111111', 'aaaaaaaa-aaaa-aaaa-aaaa-aaaaaaaaaaaa', 'sell', 'executed', 100000, 100000, 1000),
  ('10000000-0000-0000-0000-000000000002', '11111111-1111-1111-1111-111111111111', 'bbbbbbbb-bbbb-bbbb-bbbb-bbbbbbbbbbbb', 'sell', 'executed', 100000, 100000, 1500);

insert into public.orders (
  id, user_id, resource_id, type, status, quantity, quantity_processed, price
) values
  ('20000000-0000-0000-0000-000000000001', '22222222-2222-2222-2222-222222222222', 'aaaaaaaa-aaaa-aaaa-aaaa-aaaaaaaaaaaa', 'buy',  'executed', 100, 100, 1000),
  ('20000000-0000-0000-0000-000000000002', '33333333-3333-3333-3333-333333333333', 'aaaaaaaa-aaaa-aaaa-aaaa-aaaaaaaaaaaa', 'buy',  'executed', 100, 100, 1000),
  ('20000000-0000-0000-0000-000000000003', '44444444-4444-4444-4444-444444444444', 'aaaaaaaa-aaaa-aaaa-aaaa-aaaaaaaaaaaa', 'buy',  'executed', 100, 100, 1000),
  ('20000000-0000-0000-0000-000000000004', '55555555-5555-5555-5555-555555555555', 'aaaaaaaa-aaaa-aaaa-aaaa-aaaaaaaaaaaa', 'buy',  'executed', 100, 100, 1000),
  ('20000000-0000-0000-0000-000000000005', '66666666-6666-6666-6666-666666666666', 'aaaaaaaa-aaaa-aaaa-aaaa-aaaaaaaaaaaa', 'buy',  'executed', 100, 100, 1000),
  ('21000000-0000-0000-0000-000000000001', '70000000-0000-0000-0000-000000000001', 'aaaaaaaa-aaaa-aaaa-aaaa-aaaaaaaaaaaa', 'buy',  'executed', 100, 100, 1000),
  ('21000000-0000-0000-0000-000000000002', '70000000-0000-0000-0000-000000000002', 'aaaaaaaa-aaaa-aaaa-aaaa-aaaaaaaaaaaa', 'buy',  'executed', 100, 100, 1000),
  ('21000000-0000-0000-0000-000000000003', '70000000-0000-0000-0000-000000000003', 'aaaaaaaa-aaaa-aaaa-aaaa-aaaaaaaaaaaa', 'buy',  'executed', 100, 100, 1000),
  ('21000000-0000-0000-0000-000000000004', '70000000-0000-0000-0000-000000000004', 'aaaaaaaa-aaaa-aaaa-aaaa-aaaaaaaaaaaa', 'buy',  'executed', 100, 100, 1000),
  ('21000000-0000-0000-0000-000000000005', '70000000-0000-0000-0000-000000000005', 'aaaaaaaa-aaaa-aaaa-aaaa-aaaaaaaaaaaa', 'buy',  'executed', 100, 100, 1000),
  ('21000000-0000-0000-0000-000000000006', '70000000-0000-0000-0000-000000000006', 'aaaaaaaa-aaaa-aaaa-aaaa-aaaaaaaaaaaa', 'buy',  'executed', 100, 100, 1000),
  ('21000000-0000-0000-0000-000000000007', '70000000-0000-0000-0000-000000000007', 'aaaaaaaa-aaaa-aaaa-aaaa-aaaaaaaaaaaa', 'buy',  'executed', 100, 100, 1000),
  ('21000000-0000-0000-0000-000000000008', '70000000-0000-0000-0000-000000000008', 'aaaaaaaa-aaaa-aaaa-aaaa-aaaaaaaaaaaa', 'buy',  'executed', 100, 100, 1000),
  ('21000000-0000-0000-0000-000000000009', '70000000-0000-0000-0000-000000000009', 'aaaaaaaa-aaaa-aaaa-aaaa-aaaaaaaaaaaa', 'buy',  'executed', 100, 100, 1000),
  ('21000000-0000-0000-0000-000000000010', '70000000-0000-0000-0000-000000000010', 'aaaaaaaa-aaaa-aaaa-aaaa-aaaaaaaaaaaa', 'buy',  'executed', 100, 100, 1000),
  ('21000000-0000-0000-0000-000000000011', '70000000-0000-0000-0000-000000000011', 'aaaaaaaa-aaaa-aaaa-aaaa-aaaaaaaaaaaa', 'buy',  'executed', 100, 100, 1000),
  ('21000000-0000-0000-0000-000000000012', '70000000-0000-0000-0000-000000000012', 'aaaaaaaa-aaaa-aaaa-aaaa-aaaaaaaaaaaa', 'buy',  'executed', 100, 100, 1000),
  ('21000000-0000-0000-0000-000000000013', '70000000-0000-0000-0000-000000000013', 'aaaaaaaa-aaaa-aaaa-aaaa-aaaaaaaaaaaa', 'buy',  'executed', 100, 100, 1000),
  ('21000000-0000-0000-0000-000000000014', '70000000-0000-0000-0000-000000000014', 'aaaaaaaa-aaaa-aaaa-aaaa-aaaaaaaaaaaa', 'buy',  'executed', 100, 100, 1000),
  ('21000000-0000-0000-0000-000000000015', '70000000-0000-0000-0000-000000000015', 'aaaaaaaa-aaaa-aaaa-aaaa-aaaaaaaaaaaa', 'buy',  'executed', 100, 100, 1000),
  ('21000000-0000-0000-0000-000000000016', '70000000-0000-0000-0000-000000000016', 'aaaaaaaa-aaaa-aaaa-aaaa-aaaaaaaaaaaa', 'buy',  'executed', 100, 100, 1000),
  ('21000000-0000-0000-0000-000000000017', '70000000-0000-0000-0000-000000000017', 'aaaaaaaa-aaaa-aaaa-aaaa-aaaaaaaaaaaa', 'buy',  'executed', 100, 100, 1000),
  ('21000000-0000-0000-0000-000000000018', '70000000-0000-0000-0000-000000000018', 'aaaaaaaa-aaaa-aaaa-aaaa-aaaaaaaaaaaa', 'buy',  'executed', 100, 100, 1000),
  ('21000000-0000-0000-0000-000000000019', '70000000-0000-0000-0000-000000000019', 'aaaaaaaa-aaaa-aaaa-aaaa-aaaaaaaaaaaa', 'buy',  'executed', 100, 100, 1000),
  ('21000000-0000-0000-0000-000000000020', '70000000-0000-0000-0000-000000000020', 'aaaaaaaa-aaaa-aaaa-aaaa-aaaaaaaaaaaa', 'buy',  'executed', 100, 100, 1000),
  ('21000000-0000-0000-0000-000000000021', '70000000-0000-0000-0000-000000000021', 'aaaaaaaa-aaaa-aaaa-aaaa-aaaaaaaaaaaa', 'buy',  'executed', 100, 100, 1000),
  ('21000000-0000-0000-0000-000000000022', '70000000-0000-0000-0000-000000000022', 'aaaaaaaa-aaaa-aaaa-aaaa-aaaaaaaaaaaa', 'buy',  'executed', 100, 100, 1000),
  ('21000000-0000-0000-0000-000000000023', '70000000-0000-0000-0000-000000000023', 'aaaaaaaa-aaaa-aaaa-aaaa-aaaaaaaaaaaa', 'buy',  'executed', 100, 100, 1000),
  ('21000000-0000-0000-0000-000000000024', '70000000-0000-0000-0000-000000000024', 'aaaaaaaa-aaaa-aaaa-aaaa-aaaaaaaaaaaa', 'buy',  'executed', 100, 100, 1000),
  ('21000000-0000-0000-0000-000000000025', '70000000-0000-0000-0000-000000000025', 'aaaaaaaa-aaaa-aaaa-aaaa-aaaaaaaaaaaa', 'buy',  'executed', 100, 100, 1000),
  ('21000000-0000-0000-0000-000000000026', '70000000-0000-0000-0000-000000000026', 'aaaaaaaa-aaaa-aaaa-aaaa-aaaaaaaaaaaa', 'buy',  'executed', 100, 100, 1000),
  ('21000000-0000-0000-0000-000000000027', '70000000-0000-0000-0000-000000000027', 'aaaaaaaa-aaaa-aaaa-aaaa-aaaaaaaaaaaa', 'buy',  'executed', 100, 100, 1000),
  ('21000000-0000-0000-0000-000000000028', '70000000-0000-0000-0000-000000000028', 'aaaaaaaa-aaaa-aaaa-aaaa-aaaaaaaaaaaa', 'buy',  'executed', 100, 100, 1000),
  ('21000000-0000-0000-0000-000000000029', '70000000-0000-0000-0000-000000000029', 'aaaaaaaa-aaaa-aaaa-aaaa-aaaaaaaaaaaa', 'buy',  'executed', 100, 100, 1000),
  ('21000000-0000-0000-0000-000000000030', '70000000-0000-0000-0000-000000000030', 'aaaaaaaa-aaaa-aaaa-aaaa-aaaaaaaaaaaa', 'buy',  'executed', 100, 100, 1000),
  ('21000000-0000-0000-0000-000000000031', '70000000-0000-0000-0000-000000000031', 'aaaaaaaa-aaaa-aaaa-aaaa-aaaaaaaaaaaa', 'buy',  'executed', 100, 100, 1000),
  ('21000000-0000-0000-0000-000000000032', '70000000-0000-0000-0000-000000000032', 'aaaaaaaa-aaaa-aaaa-aaaa-aaaaaaaaaaaa', 'buy',  'executed', 100, 100, 1000),
  ('21000000-0000-0000-0000-000000000033', '70000000-0000-0000-0000-000000000033', 'aaaaaaaa-aaaa-aaaa-aaaa-aaaaaaaaaaaa', 'buy',  'executed', 100, 100, 1000),
  ('21000000-0000-0000-0000-000000000034', '70000000-0000-0000-0000-000000000034', 'aaaaaaaa-aaaa-aaaa-aaaa-aaaaaaaaaaaa', 'buy',  'executed', 100, 100, 1000),
  ('21000000-0000-0000-0000-000000000035', '70000000-0000-0000-0000-000000000035', 'aaaaaaaa-aaaa-aaaa-aaaa-aaaaaaaaaaaa', 'buy',  'executed', 100, 100, 1000),
  ('21000000-0000-0000-0000-000000000036', '70000000-0000-0000-0000-000000000036', 'aaaaaaaa-aaaa-aaaa-aaaa-aaaaaaaaaaaa', 'buy',  'executed', 100, 100, 1000),
  ('21000000-0000-0000-0000-000000000037', '70000000-0000-0000-0000-000000000037', 'aaaaaaaa-aaaa-aaaa-aaaa-aaaaaaaaaaaa', 'buy',  'executed', 100, 100, 1000),
  ('21000000-0000-0000-0000-000000000038', '70000000-0000-0000-0000-000000000038', 'aaaaaaaa-aaaa-aaaa-aaaa-aaaaaaaaaaaa', 'buy',  'executed', 100, 100, 1000),
  ('21000000-0000-0000-0000-000000000039', '70000000-0000-0000-0000-000000000039', 'aaaaaaaa-aaaa-aaaa-aaaa-aaaaaaaaaaaa', 'buy',  'executed', 100, 100, 1000),
  ('21000000-0000-0000-0000-000000000040', '70000000-0000-0000-0000-000000000040', 'aaaaaaaa-aaaa-aaaa-aaaa-aaaaaaaaaaaa', 'buy',  'executed', 100, 100, 1000),
  ('21000000-0000-0000-0000-000000000041', '70000000-0000-0000-0000-000000000041', 'aaaaaaaa-aaaa-aaaa-aaaa-aaaaaaaaaaaa', 'buy',  'executed', 100, 100, 1000),
  ('21000000-0000-0000-0000-000000000042', '70000000-0000-0000-0000-000000000042', 'aaaaaaaa-aaaa-aaaa-aaaa-aaaaaaaaaaaa', 'buy',  'executed', 100, 100, 1000),
  ('21000000-0000-0000-0000-000000000043', '70000000-0000-0000-0000-000000000043', 'aaaaaaaa-aaaa-aaaa-aaaa-aaaaaaaaaaaa', 'buy',  'executed', 100, 100, 1000),
  ('21000000-0000-0000-0000-000000000044', '70000000-0000-0000-0000-000000000044', 'aaaaaaaa-aaaa-aaaa-aaaa-aaaaaaaaaaaa', 'buy',  'executed', 100, 100, 1000),
  ('21000000-0000-0000-0000-000000000045', '70000000-0000-0000-0000-000000000045', 'aaaaaaaa-aaaa-aaaa-aaaa-aaaaaaaaaaaa', 'buy',  'executed', 100, 100, 1000);

insert into public.trades (
  id, sell_order_id, buy_order_id, resource_id, quantity, price
) values
  ('30000000-0000-0000-0000-000000000001', '10000000-0000-0000-0000-000000000001', '20000000-0000-0000-0000-000000000001', 'aaaaaaaa-aaaa-aaaa-aaaa-aaaaaaaaaaaa', 100, 1000),
  ('30000000-0000-0000-0000-000000000002', '10000000-0000-0000-0000-000000000001', '20000000-0000-0000-0000-000000000002', 'aaaaaaaa-aaaa-aaaa-aaaa-aaaaaaaaaaaa', 100, 1000),
  ('30000000-0000-0000-0000-000000000003', '10000000-0000-0000-0000-000000000001', '20000000-0000-0000-0000-000000000003', 'aaaaaaaa-aaaa-aaaa-aaaa-aaaaaaaaaaaa', 100, 1000),
  ('30000000-0000-0000-0000-000000000004', '10000000-0000-0000-0000-000000000001', '20000000-0000-0000-0000-000000000004', 'aaaaaaaa-aaaa-aaaa-aaaa-aaaaaaaaaaaa', 100, 1000),
  ('30000000-0000-0000-0000-000000000005', '10000000-0000-0000-0000-000000000001', '20000000-0000-0000-0000-000000000005', 'aaaaaaaa-aaaa-aaaa-aaaa-aaaaaaaaaaaa', 100, 1000),
  ('31000000-0000-0000-0000-000000000001', '10000000-0000-0000-0000-000000000001', '21000000-0000-0000-0000-000000000001', 'aaaaaaaa-aaaa-aaaa-aaaa-aaaaaaaaaaaa', 100, 1000),
  ('31000000-0000-0000-0000-000000000002', '10000000-0000-0000-0000-000000000001', '21000000-0000-0000-0000-000000000002', 'aaaaaaaa-aaaa-aaaa-aaaa-aaaaaaaaaaaa', 100, 1000),
  ('31000000-0000-0000-0000-000000000003', '10000000-0000-0000-0000-000000000001', '21000000-0000-0000-0000-000000000003', 'aaaaaaaa-aaaa-aaaa-aaaa-aaaaaaaaaaaa', 100, 1000),
  ('31000000-0000-0000-0000-000000000004', '10000000-0000-0000-0000-000000000001', '21000000-0000-0000-0000-000000000004', 'aaaaaaaa-aaaa-aaaa-aaaa-aaaaaaaaaaaa', 100, 1000),
  ('31000000-0000-0000-0000-000000000005', '10000000-0000-0000-0000-000000000001', '21000000-0000-0000-0000-000000000005', 'aaaaaaaa-aaaa-aaaa-aaaa-aaaaaaaaaaaa', 100, 1000),
  ('31000000-0000-0000-0000-000000000006', '10000000-0000-0000-0000-000000000001', '21000000-0000-0000-0000-000000000006', 'aaaaaaaa-aaaa-aaaa-aaaa-aaaaaaaaaaaa', 100, 1000),
  ('31000000-0000-0000-0000-000000000007', '10000000-0000-0000-0000-000000000001', '21000000-0000-0000-0000-000000000007', 'aaaaaaaa-aaaa-aaaa-aaaa-aaaaaaaaaaaa', 100, 1000),
  ('31000000-0000-0000-0000-000000000008', '10000000-0000-0000-0000-000000000001', '21000000-0000-0000-0000-000000000008', 'aaaaaaaa-aaaa-aaaa-aaaa-aaaaaaaaaaaa', 100, 1000),
  ('31000000-0000-0000-0000-000000000009', '10000000-0000-0000-0000-000000000001', '21000000-0000-0000-0000-000000000009', 'aaaaaaaa-aaaa-aaaa-aaaa-aaaaaaaaaaaa', 100, 1000),
  ('31000000-0000-0000-0000-000000000010', '10000000-0000-0000-0000-000000000001', '21000000-0000-0000-0000-000000000010', 'aaaaaaaa-aaaa-aaaa-aaaa-aaaaaaaaaaaa', 100, 1000),
  ('31000000-0000-0000-0000-000000000011', '10000000-0000-0000-0000-000000000001', '21000000-0000-0000-0000-000000000011', 'aaaaaaaa-aaaa-aaaa-aaaa-aaaaaaaaaaaa', 100, 1000),
  ('31000000-0000-0000-0000-000000000012', '10000000-0000-0000-0000-000000000001', '21000000-0000-0000-0000-000000000012', 'aaaaaaaa-aaaa-aaaa-aaaa-aaaaaaaaaaaa', 100, 1000),
  ('31000000-0000-0000-0000-000000000013', '10000000-0000-0000-0000-000000000001', '21000000-0000-0000-0000-000000000013', 'aaaaaaaa-aaaa-aaaa-aaaa-aaaaaaaaaaaa', 100, 1000),
  ('31000000-0000-0000-0000-000000000014', '10000000-0000-0000-0000-000000000001', '21000000-0000-0000-0000-000000000014', 'aaaaaaaa-aaaa-aaaa-aaaa-aaaaaaaaaaaa', 100, 1000),
  ('31000000-0000-0000-0000-000000000015', '10000000-0000-0000-0000-000000000001', '21000000-0000-0000-0000-000000000015', 'aaaaaaaa-aaaa-aaaa-aaaa-aaaaaaaaaaaa', 100, 1000),
  ('31000000-0000-0000-0000-000000000016', '10000000-0000-0000-0000-000000000001', '21000000-0000-0000-0000-000000000016', 'aaaaaaaa-aaaa-aaaa-aaaa-aaaaaaaaaaaa', 100, 1000),
  ('31000000-0000-0000-0000-000000000017', '10000000-0000-0000-0000-000000000001', '21000000-0000-0000-0000-000000000017', 'aaaaaaaa-aaaa-aaaa-aaaa-aaaaaaaaaaaa', 100, 1000),
  ('31000000-0000-0000-0000-000000000018', '10000000-0000-0000-0000-000000000001', '21000000-0000-0000-0000-000000000018', 'aaaaaaaa-aaaa-aaaa-aaaa-aaaaaaaaaaaa', 100, 1000),
  ('31000000-0000-0000-0000-000000000019', '10000000-0000-0000-0000-000000000001', '21000000-0000-0000-0000-000000000019', 'aaaaaaaa-aaaa-aaaa-aaaa-aaaaaaaaaaaa', 100, 1000),
  ('31000000-0000-0000-0000-000000000020', '10000000-0000-0000-0000-000000000001', '21000000-0000-0000-0000-000000000020', 'aaaaaaaa-aaaa-aaaa-aaaa-aaaaaaaaaaaa', 100, 1000),
  ('31000000-0000-0000-0000-000000000021', '10000000-0000-0000-0000-000000000001', '21000000-0000-0000-0000-000000000021', 'aaaaaaaa-aaaa-aaaa-aaaa-aaaaaaaaaaaa', 100, 1000),
  ('31000000-0000-0000-0000-000000000022', '10000000-0000-0000-0000-000000000001', '21000000-0000-0000-0000-000000000022', 'aaaaaaaa-aaaa-aaaa-aaaa-aaaaaaaaaaaa', 100, 1000),
  ('31000000-0000-0000-0000-000000000023', '10000000-0000-0000-0000-000000000001', '21000000-0000-0000-0000-000000000023', 'aaaaaaaa-aaaa-aaaa-aaaa-aaaaaaaaaaaa', 100, 1000),
  ('31000000-0000-0000-0000-000000000024', '10000000-0000-0000-0000-000000000001', '21000000-0000-0000-0000-000000000024', 'aaaaaaaa-aaaa-aaaa-aaaa-aaaaaaaaaaaa', 100, 1000),
  ('31000000-0000-0000-0000-000000000025', '10000000-0000-0000-0000-000000000001', '21000000-0000-0000-0000-000000000025', 'aaaaaaaa-aaaa-aaaa-aaaa-aaaaaaaaaaaa', 100, 1000),
  ('31000000-0000-0000-0000-000000000026', '10000000-0000-0000-0000-000000000001', '21000000-0000-0000-0000-000000000026', 'aaaaaaaa-aaaa-aaaa-aaaa-aaaaaaaaaaaa', 100, 1000),
  ('31000000-0000-0000-0000-000000000027', '10000000-0000-0000-0000-000000000001', '21000000-0000-0000-0000-000000000027', 'aaaaaaaa-aaaa-aaaa-aaaa-aaaaaaaaaaaa', 100, 1000),
  ('31000000-0000-0000-0000-000000000028', '10000000-0000-0000-0000-000000000001', '21000000-0000-0000-0000-000000000028', 'aaaaaaaa-aaaa-aaaa-aaaa-aaaaaaaaaaaa', 100, 1000),
  ('31000000-0000-0000-0000-000000000029', '10000000-0000-0000-0000-000000000001', '21000000-0000-0000-0000-000000000029', 'aaaaaaaa-aaaa-aaaa-aaaa-aaaaaaaaaaaa', 100, 1000),
  ('31000000-0000-0000-0000-000000000030', '10000000-0000-0000-0000-000000000001', '21000000-0000-0000-0000-000000000030', 'aaaaaaaa-aaaa-aaaa-aaaa-aaaaaaaaaaaa', 100, 1000),
  ('31000000-0000-0000-0000-000000000031', '10000000-0000-0000-0000-000000000001', '21000000-0000-0000-0000-000000000031', 'aaaaaaaa-aaaa-aaaa-aaaa-aaaaaaaaaaaa', 100, 1000),
  ('31000000-0000-0000-0000-000000000032', '10000000-0000-0000-0000-000000000001', '21000000-0000-0000-0000-000000000032', 'aaaaaaaa-aaaa-aaaa-aaaa-aaaaaaaaaaaa', 100, 1000),
  ('31000000-0000-0000-0000-000000000033', '10000000-0000-0000-0000-000000000001', '21000000-0000-0000-0000-000000000033', 'aaaaaaaa-aaaa-aaaa-aaaa-aaaaaaaaaaaa', 100, 1000),
  ('31000000-0000-0000-0000-000000000034', '10000000-0000-0000-0000-000000000001', '21000000-0000-0000-0000-000000000034', 'aaaaaaaa-aaaa-aaaa-aaaa-aaaaaaaaaaaa', 100, 1000),
  ('31000000-0000-0000-0000-000000000035', '10000000-0000-0000-0000-000000000001', '21000000-0000-0000-0000-000000000035', 'aaaaaaaa-aaaa-aaaa-aaaa-aaaaaaaaaaaa', 100, 1000),
  ('31000000-0000-0000-0000-000000000036', '10000000-0000-0000-0000-000000000001', '21000000-0000-0000-0000-000000000036', 'aaaaaaaa-aaaa-aaaa-aaaa-aaaaaaaaaaaa', 100, 1000),
  ('31000000-0000-0000-0000-000000000037', '10000000-0000-0000-0000-000000000001', '21000000-0000-0000-0000-000000000037', 'aaaaaaaa-aaaa-aaaa-aaaa-aaaaaaaaaaaa', 100, 1000),
  ('31000000-0000-0000-0000-000000000038', '10000000-0000-0000-0000-000000000001', '21000000-0000-0000-0000-000000000038', 'aaaaaaaa-aaaa-aaaa-aaaa-aaaaaaaaaaaa', 100, 1000),
  ('31000000-0000-0000-0000-000000000039', '10000000-0000-0000-0000-000000000001', '21000000-0000-0000-0000-000000000039', 'aaaaaaaa-aaaa-aaaa-aaaa-aaaaaaaaaaaa', 100, 1000),
  ('31000000-0000-0000-0000-000000000040', '10000000-0000-0000-0000-000000000001', '21000000-0000-0000-0000-000000000040', 'aaaaaaaa-aaaa-aaaa-aaaa-aaaaaaaaaaaa', 100, 1000),
  ('31000000-0000-0000-0000-000000000041', '10000000-0000-0000-0000-000000000001', '21000000-0000-0000-0000-000000000041', 'aaaaaaaa-aaaa-aaaa-aaaa-aaaaaaaaaaaa', 100, 1000),
  ('31000000-0000-0000-0000-000000000042', '10000000-0000-0000-0000-000000000001', '21000000-0000-0000-0000-000000000042', 'aaaaaaaa-aaaa-aaaa-aaaa-aaaaaaaaaaaa', 100, 1000),
  ('31000000-0000-0000-0000-000000000043', '10000000-0000-0000-0000-000000000001', '21000000-0000-0000-0000-000000000043', 'aaaaaaaa-aaaa-aaaa-aaaa-aaaaaaaaaaaa', 100, 1000),
  ('31000000-0000-0000-0000-000000000044', '10000000-0000-0000-0000-000000000001', '21000000-0000-0000-0000-000000000044', 'aaaaaaaa-aaaa-aaaa-aaaa-aaaaaaaaaaaa', 100, 1000),
  ('31000000-0000-0000-0000-000000000045', '10000000-0000-0000-0000-000000000001', '21000000-0000-0000-0000-000000000045', 'aaaaaaaa-aaaa-aaaa-aaaa-aaaaaaaaaaaa', 100, 1000);

insert into holdings (user_id, resource_id, quantity) values
  ('22222222-2222-2222-2222-222222222222', 'aaaaaaaa-aaaa-aaaa-aaaa-aaaaaaaaaaaa', 1000),
  ('33333333-3333-3333-3333-333333333333', 'aaaaaaaa-aaaa-aaaa-aaaa-aaaaaaaaaaaa', 1000),
  ('44444444-4444-4444-4444-444444444444', 'aaaaaaaa-aaaa-aaaa-aaaa-aaaaaaaaaaaa', 1000),
  ('55555555-5555-5555-5555-555555555555', 'aaaaaaaa-aaaa-aaaa-aaaa-aaaaaaaaaaaa', 1000),
  ('66666666-6666-6666-6666-666666666666', 'aaaaaaaa-aaaa-aaaa-aaaa-aaaaaaaaaaaa', 1000),
  ('70000000-0000-0000-0000-000000000001', 'aaaaaaaa-aaaa-aaaa-aaaa-aaaaaaaaaaaa', 1000),
  ('70000000-0000-0000-0000-000000000002', 'aaaaaaaa-aaaa-aaaa-aaaa-aaaaaaaaaaaa', 1000),
  ('70000000-0000-0000-0000-000000000003', 'aaaaaaaa-aaaa-aaaa-aaaa-aaaaaaaaaaaa', 1000),
  ('70000000-0000-0000-0000-000000000004', 'aaaaaaaa-aaaa-aaaa-aaaa-aaaaaaaaaaaa', 1000),
  ('70000000-0000-0000-0000-000000000005', 'aaaaaaaa-aaaa-aaaa-aaaa-aaaaaaaaaaaa', 1000),
  ('70000000-0000-0000-0000-000000000006', 'aaaaaaaa-aaaa-aaaa-aaaa-aaaaaaaaaaaa', 1000),
  ('70000000-0000-0000-0000-000000000007', 'aaaaaaaa-aaaa-aaaa-aaaa-aaaaaaaaaaaa', 1000),
  ('70000000-0000-0000-0000-000000000008', 'aaaaaaaa-aaaa-aaaa-aaaa-aaaaaaaaaaaa', 1000),
  ('70000000-0000-0000-0000-000000000009', 'aaaaaaaa-aaaa-aaaa-aaaa-aaaaaaaaaaaa', 1000),
  ('70000000-0000-0000-0000-000000000010', 'aaaaaaaa-aaaa-aaaa-aaaa-aaaaaaaaaaaa', 1000),
  ('70000000-0000-0000-0000-000000000011', 'aaaaaaaa-aaaa-aaaa-aaaa-aaaaaaaaaaaa', 1000),
  ('70000000-0000-0000-0000-000000000012', 'aaaaaaaa-aaaa-aaaa-aaaa-aaaaaaaaaaaa', 1000),
  ('70000000-0000-0000-0000-000000000013', 'aaaaaaaa-aaaa-aaaa-aaaa-aaaaaaaaaaaa', 1000),
  ('70000000-0000-0000-0000-000000000014', 'aaaaaaaa-aaaa-aaaa-aaaa-aaaaaaaaaaaa', 1000),
  ('70000000-0000-0000-0000-000000000015', 'aaaaaaaa-aaaa-aaaa-aaaa-aaaaaaaaaaaa', 1000),
  ('70000000-0000-0000-0000-000000000016', 'aaaaaaaa-aaaa-aaaa-aaaa-aaaaaaaaaaaa', 1000),
  ('70000000-0000-0000-0000-000000000017', 'aaaaaaaa-aaaa-aaaa-aaaa-aaaaaaaaaaaa', 1000),
  ('70000000-0000-0000-0000-000000000018', 'aaaaaaaa-aaaa-aaaa-aaaa-aaaaaaaaaaaa', 1000),
  ('70000000-0000-0000-0000-000000000019', 'aaaaaaaa-aaaa-aaaa-aaaa-aaaaaaaaaaaa', 1000),
  ('70000000-0000-0000-0000-000000000020', 'aaaaaaaa-aaaa-aaaa-aaaa-aaaaaaaaaaaa', 1000),
  ('70000000-0000-0000-0000-000000000021', 'aaaaaaaa-aaaa-aaaa-aaaa-aaaaaaaaaaaa', 1000),
  ('70000000-0000-0000-0000-000000000022', 'aaaaaaaa-aaaa-aaaa-aaaa-aaaaaaaaaaaa', 1000),
  ('70000000-0000-0000-0000-000000000023', 'aaaaaaaa-aaaa-aaaa-aaaa-aaaaaaaaaaaa', 1000),
  ('70000000-0000-0000-0000-000000000024', 'aaaaaaaa-aaaa-aaaa-aaaa-aaaaaaaaaaaa', 1000),
  ('70000000-0000-0000-0000-000000000025', 'aaaaaaaa-aaaa-aaaa-aaaa-aaaaaaaaaaaa', 1000),
  ('70000000-0000-0000-0000-000000000026', 'aaaaaaaa-aaaa-aaaa-aaaa-aaaaaaaaaaaa', 1000),
  ('70000000-0000-0000-0000-000000000027', 'aaaaaaaa-aaaa-aaaa-aaaa-aaaaaaaaaaaa', 1000),
  ('70000000-0000-0000-0000-000000000028', 'aaaaaaaa-aaaa-aaaa-aaaa-aaaaaaaaaaaa', 1000),
  ('70000000-0000-0000-0000-000000000029', 'aaaaaaaa-aaaa-aaaa-aaaa-aaaaaaaaaaaa', 1000),
  ('70000000-0000-0000-0000-000000000030', 'aaaaaaaa-aaaa-aaaa-aaaa-aaaaaaaaaaaa', 1000),
  ('70000000-0000-0000-0000-000000000031', 'aaaaaaaa-aaaa-aaaa-aaaa-aaaaaaaaaaaa', 1000),
  ('70000000-0000-0000-0000-000000000032', 'aaaaaaaa-aaaa-aaaa-aaaa-aaaaaaaaaaaa', 1000),
  ('70000000-0000-0000-0000-000000000033', 'aaaaaaaa-aaaa-aaaa-aaaa-aaaaaaaaaaaa', 1000),
  ('70000000-0000-0000-0000-000000000034', 'aaaaaaaa-aaaa-aaaa-aaaa-aaaaaaaaaaaa', 1000),
  ('70000000-0000-0000-0000-000000000035', 'aaaaaaaa-aaaa-aaaa-aaaa-aaaaaaaaaaaa', 1000),
  ('70000000-0000-0000-0000-000000000036', 'aaaaaaaa-aaaa-aaaa-aaaa-aaaaaaaaaaaa', 1000),
  ('70000000-0000-0000-0000-000000000037', 'aaaaaaaa-aaaa-aaaa-aaaa-aaaaaaaaaaaa', 1000),
  ('70000000-0000-0000-0000-000000000038', 'aaaaaaaa-aaaa-aaaa-aaaa-aaaaaaaaaaaa', 1000),
  ('70000000-0000-0000-0000-000000000039', 'aaaaaaaa-aaaa-aaaa-aaaa-aaaaaaaaaaaa', 1000),
  ('70000000-0000-0000-0000-000000000040', 'aaaaaaaa-aaaa-aaaa-aaaa-aaaaaaaaaaaa', 1000),
  ('70000000-0000-0000-0000-000000000041', 'aaaaaaaa-aaaa-aaaa-aaaa-aaaaaaaaaaaa', 1000),
  ('70000000-0000-0000-0000-000000000042', 'aaaaaaaa-aaaa-aaaa-aaaa-aaaaaaaaaaaa', 1000),
  ('70000000-0000-0000-0000-000000000043', 'aaaaaaaa-aaaa-aaaa-aaaa-aaaaaaaaaaaa', 1000),
  ('70000000-0000-0000-0000-000000000044', 'aaaaaaaa-aaaa-aaaa-aaaa-aaaaaaaaaaaa', 1000),
  ('70000000-0000-0000-0000-000000000045', 'aaaaaaaa-aaaa-aaaa-aaaa-aaaaaaaaaaaa', 1000),
  ('22222222-2222-2222-2222-222222222222', 'bbbbbbbb-bbbb-bbbb-bbbb-bbbbbbbbbbbb', 500),
  ('33333333-3333-3333-3333-333333333333', 'bbbbbbbb-bbbb-bbbb-bbbb-bbbbbbbbbbbb', 500),
  ('44444444-4444-4444-4444-444444444444', 'bbbbbbbb-bbbb-bbbb-bbbb-bbbbbbbbbbbb', 500),
  ('55555555-5555-5555-5555-555555555555', 'bbbbbbbb-bbbb-bbbb-bbbb-bbbbbbbbbbbb', 500),
  ('66666666-6666-6666-6666-666666666666', 'bbbbbbbb-bbbb-bbbb-bbbb-bbbbbbbbbbbb', 500),
  ('70000000-0000-0000-0000-000000000001', 'bbbbbbbb-bbbb-bbbb-bbbb-bbbbbbbbbbbb', 500),
  ('70000000-0000-0000-0000-000000000002', 'bbbbbbbb-bbbb-bbbb-bbbb-bbbbbbbbbbbb', 500),
  ('70000000-0000-0000-0000-000000000003', 'bbbbbbbb-bbbb-bbbb-bbbb-bbbbbbbbbbbb', 500),
  ('70000000-0000-0000-0000-000000000004', 'bbbbbbbb-bbbb-bbbb-bbbb-bbbbbbbbbbbb', 500),
  ('70000000-0000-0000-0000-000000000005', 'bbbbbbbb-bbbb-bbbb-bbbb-bbbbbbbbbbbb', 500),
  ('70000000-0000-0000-0000-000000000006', 'bbbbbbbb-bbbb-bbbb-bbbb-bbbbbbbbbbbb', 500),
  ('70000000-0000-0000-0000-000000000007', 'bbbbbbbb-bbbb-bbbb-bbbb-bbbbbbbbbbbb', 500),
  ('70000000-0000-0000-0000-000000000008', 'bbbbbbbb-bbbb-bbbb-bbbb-bbbbbbbbbbbb', 500),
  ('70000000-0000-0000-0000-000000000009', 'bbbbbbbb-bbbb-bbbb-bbbb-bbbbbbbbbbbb', 500),
  ('70000000-0000-0000-0000-000000000010', 'bbbbbbbb-bbbb-bbbb-bbbb-bbbbbbbbbbbb', 500),
  ('70000000-0000-0000-0000-000000000011', 'bbbbbbbb-bbbb-bbbb-bbbb-bbbbbbbbbbbb', 500),
  ('70000000-0000-0000-0000-000000000012', 'bbbbbbbb-bbbb-bbbb-bbbb-bbbbbbbbbbbb', 500),
  ('70000000-0000-0000-0000-000000000013', 'bbbbbbbb-bbbb-bbbb-bbbb-bbbbbbbbbbbb', 500),
  ('70000000-0000-0000-0000-000000000014', 'bbbbbbbb-bbbb-bbbb-bbbb-bbbbbbbbbbbb', 500),
  ('70000000-0000-0000-0000-000000000015', 'bbbbbbbb-bbbb-bbbb-bbbb-bbbbbbbbbbbb', 500),
  ('70000000-0000-0000-0000-000000000016', 'bbbbbbbb-bbbb-bbbb-bbbb-bbbbbbbbbbbb', 500),
  ('70000000-0000-0000-0000-000000000017', 'bbbbbbbb-bbbb-bbbb-bbbb-bbbbbbbbbbbb', 500),
  ('70000000-0000-0000-0000-000000000018', 'bbbbbbbb-bbbb-bbbb-bbbb-bbbbbbbbbbbb', 500),
  ('70000000-0000-0000-0000-000000000019', 'bbbbbbbb-bbbb-bbbb-bbbb-bbbbbbbbbbbb', 500),
  ('70000000-0000-0000-0000-000000000020', 'bbbbbbbb-bbbb-bbbb-bbbb-bbbbbbbbbbbb', 500),
  ('70000000-0000-0000-0000-000000000021', 'bbbbbbbb-bbbb-bbbb-bbbb-bbbbbbbbbbbb', 500),
  ('70000000-0000-0000-0000-000000000022', 'bbbbbbbb-bbbb-bbbb-bbbb-bbbbbbbbbbbb', 500),
  ('70000000-0000-0000-0000-000000000023', 'bbbbbbbb-bbbb-bbbb-bbbb-bbbbbbbbbbbb', 500),
  ('70000000-0000-0000-0000-000000000024', 'bbbbbbbb-bbbb-bbbb-bbbb-bbbbbbbbbbbb', 500),
  ('70000000-0000-0000-0000-000000000025', 'bbbbbbbb-bbbb-bbbb-bbbb-bbbbbbbbbbbb', 500),
  ('70000000-0000-0000-0000-000000000026', 'bbbbbbbb-bbbb-bbbb-bbbb-bbbbbbbbbbbb', 500),
  ('70000000-0000-0000-0000-000000000027', 'bbbbbbbb-bbbb-bbbb-bbbb-bbbbbbbbbbbb', 500),
  ('70000000-0000-0000-0000-000000000028', 'bbbbbbbb-bbbb-bbbb-bbbb-bbbbbbbbbbbb', 500),
  ('70000000-0000-0000-0000-000000000029', 'bbbbbbbb-bbbb-bbbb-bbbb-bbbbbbbbbbbb', 500),
  ('70000000-0000-0000-0000-000000000030', 'bbbbbbbb-bbbb-bbbb-bbbb-bbbbbbbbbbbb', 500),
  ('70000000-0000-0000-0000-000000000031', 'bbbbbbbb-bbbb-bbbb-bbbb-bbbbbbbbbbbb', 500),
  ('70000000-0000-0000-0000-000000000032', 'bbbbbbbb-bbbb-bbbb-bbbb-bbbbbbbbbbbb', 500),
  ('70000000-0000-0000-0000-000000000033', 'bbbbbbbb-bbbb-bbbb-bbbb-bbbbbbbbbbbb', 500),
  ('70000000-0000-0000-0000-000000000034', 'bbbbbbbb-bbbb-bbbb-bbbb-bbbbbbbbbbbb', 500),
  ('70000000-0000-0000-0000-000000000035', 'bbbbbbbb-bbbb-bbbb-bbbb-bbbbbbbbbbbb', 500),
  ('70000000-0000-0000-0000-000000000036', 'bbbbbbbb-bbbb-bbbb-bbbb-bbbbbbbbbbbb', 500),
  ('70000000-0000-0000-0000-000000000037', 'bbbbbbbb-bbbb-bbbb-bbbb-bbbbbbbbbbbb', 500),
  ('70000000-0000-0000-0000-000000000038', 'bbbbbbbb-bbbb-bbbb-bbbb-bbbbbbbbbbbb', 500),
  ('70000000-0000-0000-0000-000000000039', 'bbbbbbbb-bbbb-bbbb-bbbb-bbbbbbbbbbbb', 500),
  ('70000000-0000-0000-0000-000000000040', 'bbbbbbbb-bbbb-bbbb-bbbb-bbbbbbbbbbbb', 500),
  ('70000000-0000-0000-0000-000000000041', 'bbbbbbbb-bbbb-bbbb-bbbb-bbbbbbbbbbbb', 500),
  ('70000000-0000-0000-0000-000000000042', 'bbbbbbbb-bbbb-bbbb-bbbb-bbbbbbbbbbbb', 500),
  ('70000000-0000-0000-0000-000000000043', 'bbbbbbbb-bbbb-bbbb-bbbb-bbbbbbbbbbbb', 500),
  ('70000000-0000-0000-0000-000000000044', 'bbbbbbbb-bbbb-bbbb-bbbb-bbbbbbbbbbbb', 500),
  ('70000000-0000-0000-0000-000000000045', 'bbbbbbbb-bbbb-bbbb-bbbb-bbbbbbbbbbbb', 500),
  ('22222222-2222-2222-2222-222222222222', 'f0f0f0f0-f0f0-f0f0-f0f0-f0f0f0f0f0f0', 100000),
  ('33333333-3333-3333-3333-333333333333', 'f0f0f0f0-f0f0-f0f0-f0f0-f0f0f0f0f0f0', 100000),
  ('44444444-4444-4444-4444-444444444444', 'f0f0f0f0-f0f0-f0f0-f0f0-f0f0f0f0f0f0', 100000),
  ('55555555-5555-5555-5555-555555555555', 'f0f0f0f0-f0f0-f0f0-f0f0-f0f0f0f0f0f0', 100000),
  ('66666666-6666-6666-6666-666666666666', 'f0f0f0f0-f0f0-f0f0-f0f0-f0f0f0f0f0f0', 100000),
  ('70000000-0000-0000-0000-000000000001', 'f0f0f0f0-f0f0-f0f0-f0f0-f0f0f0f0f0f0', 100000),
  ('70000000-0000-0000-0000-000000000002', 'f0f0f0f0-f0f0-f0f0-f0f0-f0f0f0f0f0f0', 100000),
  ('70000000-0000-0000-0000-000000000003', 'f0f0f0f0-f0f0-f0f0-f0f0-f0f0f0f0f0f0', 100000),
  ('70000000-0000-0000-0000-000000000004', 'f0f0f0f0-f0f0-f0f0-f0f0-f0f0f0f0f0f0', 100000),
  ('70000000-0000-0000-0000-000000000005', 'f0f0f0f0-f0f0-f0f0-f0f0-f0f0f0f0f0f0', 100000),
  ('70000000-0000-0000-0000-000000000006', 'f0f0f0f0-f0f0-f0f0-f0f0-f0f0f0f0f0f0', 100000),
  ('70000000-0000-0000-0000-000000000007', 'f0f0f0f0-f0f0-f0f0-f0f0-f0f0f0f0f0f0', 100000),
  ('70000000-0000-0000-0000-000000000008', 'f0f0f0f0-f0f0-f0f0-f0f0-f0f0f0f0f0f0', 100000),
  ('70000000-0000-0000-0000-000000000009', 'f0f0f0f0-f0f0-f0f0-f0f0-f0f0f0f0f0f0', 100000),
  ('70000000-0000-0000-0000-000000000010', 'f0f0f0f0-f0f0-f0f0-f0f0-f0f0f0f0f0f0', 100000),
  ('70000000-0000-0000-0000-000000000011', 'f0f0f0f0-f0f0-f0f0-f0f0-f0f0f0f0f0f0', 100000),
  ('70000000-0000-0000-0000-000000000012', 'f0f0f0f0-f0f0-f0f0-f0f0-f0f0f0f0f0f0', 100000),
  ('70000000-0000-0000-0000-000000000013', 'f0f0f0f0-f0f0-f0f0-f0f0-f0f0f0f0f0f0', 100000),
  ('70000000-0000-0000-0000-000000000014', 'f0f0f0f0-f0f0-f0f0-f0f0-f0f0f0f0f0f0', 100000),
  ('70000000-0000-0000-0000-000000000015', 'f0f0f0f0-f0f0-f0f0-f0f0-f0f0f0f0f0f0', 100000),
  ('70000000-0000-0000-0000-000000000016', 'f0f0f0f0-f0f0-f0f0-f0f0-f0f0f0f0f0f0', 100000),
  ('70000000-0000-0000-0000-000000000017', 'f0f0f0f0-f0f0-f0f0-f0f0-f0f0f0f0f0f0', 100000),
  ('70000000-0000-0000-0000-000000000018', 'f0f0f0f0-f0f0-f0f0-f0f0-f0f0f0f0f0f0', 100000),
  ('70000000-0000-0000-0000-000000000019', 'f0f0f0f0-f0f0-f0f0-f0f0-f0f0f0f0f0f0', 100000),
  ('70000000-0000-0000-0000-000000000020', 'f0f0f0f0-f0f0-f0f0-f0f0-f0f0f0f0f0f0', 100000),
  ('70000000-0000-0000-0000-000000000021', 'f0f0f0f0-f0f0-f0f0-f0f0-f0f0f0f0f0f0', 100000),
  ('70000000-0000-0000-0000-000000000022', 'f0f0f0f0-f0f0-f0f0-f0f0-f0f0f0f0f0f0', 100000),
  ('70000000-0000-0000-0000-000000000023', 'f0f0f0f0-f0f0-f0f0-f0f0-f0f0f0f0f0f0', 100000),
  ('70000000-0000-0000-0000-000000000024', 'f0f0f0f0-f0f0-f0f0-f0f0-f0f0f0f0f0f0', 100000),
  ('70000000-0000-0000-0000-000000000025', 'f0f0f0f0-f0f0-f0f0-f0f0-f0f0f0f0f0f0', 100000),
  ('70000000-0000-0000-0000-000000000026', 'f0f0f0f0-f0f0-f0f0-f0f0-f0f0f0f0f0f0', 100000),
  ('70000000-0000-0000-0000-000000000027', 'f0f0f0f0-f0f0-f0f0-f0f0-f0f0f0f0f0f0', 100000),
  ('70000000-0000-0000-0000-000000000028', 'f0f0f0f0-f0f0-f0f0-f0f0-f0f0f0f0f0f0', 100000),
  ('70000000-0000-0000-0000-000000000029', 'f0f0f0f0-f0f0-f0f0-f0f0-f0f0f0f0f0f0', 100000),
  ('70000000-0000-0000-0000-000000000030', 'f0f0f0f0-f0f0-f0f0-f0f0-f0f0f0f0f0f0', 100000),
  ('70000000-0000-0000-0000-000000000031', 'f0f0f0f0-f0f0-f0f0-f0f0-f0f0f0f0f0f0', 100000),
  ('70000000-0000-0000-0000-000000000032', 'f0f0f0f0-f0f0-f0f0-f0f0-f0f0f0f0f0f0', 100000),
  ('70000000-0000-0000-0000-000000000033', 'f0f0f0f0-f0f0-f0f0-f0f0-f0f0f0f0f0f0', 100000),
  ('70000000-0000-0000-0000-000000000034', 'f0f0f0f0-f0f0-f0f0-f0f0-f0f0f0f0f0f0', 100000),
  ('70000000-0000-0000-0000-000000000035', 'f0f0f0f0-f0f0-f0f0-f0f0-f0f0f0f0f0f0', 100000),
  ('70000000-0000-0000-0000-000000000036', 'f0f0f0f0-f0f0-f0f0-f0f0-f0f0f0f0f0f0', 100000),
  ('70000000-0000-0000-0000-000000000037', 'f0f0f0f0-f0f0-f0f0-f0f0-f0f0f0f0f0f0', 100000),
  ('70000000-0000-0000-0000-000000000038', 'f0f0f0f0-f0f0-f0f0-f0f0-f0f0f0f0f0f0', 100000),
  ('70000000-0000-0000-0000-000000000039', 'f0f0f0f0-f0f0-f0f0-f0f0-f0f0f0f0f0f0', 100000),
  ('70000000-0000-0000-0000-000000000040', 'f0f0f0f0-f0f0-f0f0-f0f0-f0f0f0f0f0f0', 100000),
  ('70000000-0000-0000-0000-000000000041', 'f0f0f0f0-f0f0-f0f0-f0f0-f0f0f0f0f0f0', 100000),
  ('70000000-0000-0000-0000-000000000042', 'f0f0f0f0-f0f0-f0f0-f0f0-f0f0f0f0f0f0', 100000),
  ('70000000-0000-0000-0000-000000000043', 'f0f0f0f0-f0f0-f0f0-f0f0-f0f0f0f0f0f0', 100000),
  ('70000000-0000-0000-0000-000000000044', 'f0f0f0f0-f0f0-f0f0-f0f0-f0f0f0f0f0f0', 100000),
  ('70000000-0000-0000-0000-000000000045', 'f0f0f0f0-f0f0-f0f0-f0f0-f0f0f0f0f0f0', 100000);
